<?xml version="1.0" encoding="UTF-8"?>
<addon id="game.libretro.bsnes2014-balanced"
		name="Nintendo - SNES / SFC (bsnes 2014 Balanced)"
		version="0.94.0.7"
		provider-name="Near">
	<requires>
		<import addon="game.libretro" version="1.0.0"/>
	</requires>
	<extension point="kodi.gameclient"
			library_android="libgame.libretro.bsnes2014-balanced.so">
		<platforms></platforms>
		<extensions>sfc|smc|bml</extensions>
		<supports_vfs>true</supports_vfs>
		<supports_standalone>false</supports_standalone>
		<requires_opengl>false</requires_opengl>
	</extension>
	<extension point="xbmc.addon.metadata">
		<license>GPLv3</license>
		<platform>android-armv7</platform>
		<source>https://github.com/kodi-game/game.libretro.bsnes2014-balanced</source>
		<assets>
			<icon>resources/icon.png</icon>
			<screenshot>resources/screenshot-01.jpg</screenshot>
			<screenshot>resources/screenshot-02.jpg</screenshot>
			<screenshot>resources/screenshot-03.jpg</screenshot>
		</assets>
		<summary lang="en_GB">Nintendo - SNES / SFC (bsnes 2014 Balanced) v094 (Balanced)</summary>
		<description lang="en_GB">A libretro fork of bSNES. As close to upstream as possible.[CR][CR]The [I]Balanced[/I] profile is a good compromise between accuracy and performance.</description>
		<description lang="ko_KR">bSNES의 libretro 포크. 최대한 업스트림에 가깝습니다.[CR][CR]&amp;#34;밸런스&amp;#34; 프로필은 정확도와 성능 사이의 절충안입니다.</description>
		<description lang="zh_CN">bSNES 的 libretro 分支。尽可能接近原始项目。[CR][CR]“平衡”配置文件是精度和性能之间的良好折衷。</description>
		<disclaimer lang="da_DK">I kærligt minde om Near / Byuu</disclaimer>
		<disclaimer lang="en_GB">In loving memory of Near / Byuu</disclaimer>
	</extension>
</addon>
