<?xml version="1.0" encoding="UTF-8"?>
<addon id="game.libretro.fceumm"
		name="Nintendo - NES / Famicom (FCEUmm)"
		version="0.0.1.34"
		provider-name="FCEU Team, CaH4e3">
	<requires>
		<import addon="game.libretro" version="1.0.0"/>
		<import addon="game.controller.nes" version="1.0.0"/>
	</requires>
	<extension point="kodi.gameclient"
			library_android="libgame.libretro.fceumm.so">
		<platforms>NES</platforms>
		<extensions>fds|nes|unf|unif</extensions>
		<supports_vfs>true</supports_vfs>
		<supports_standalone>false</supports_standalone>
		<requires_opengl>false</requires_opengl>
	</extension>
	<extension point="xbmc.addon.metadata">
		<license>GPLv2</license>
		<platform>android-armv7</platform>
		<source>https://github.com/kodi-game/game.libretro.fceumm</source>
		<assets>
			<icon>resources/icon.png</icon>
			<screenshot>resources/screenshot-01.jpg</screenshot>
			<screenshot>resources/screenshot-02.jpg</screenshot>
			<screenshot>resources/screenshot-03.jpg</screenshot>
		</assets>
		<summary lang="en_GB">Nintendo - NES / Famicom (FCEUmm) (SVN)</summary>
		<description lang="en_GB">FCEUmm emulates NES, Famicom, and Famicom Disk System (FDS) platforms.[CR][CR]FCEUmm merges elements from FCEU Ultra, FCEU rerecording, FCEUXD, FCEUXDSP, FCEUXDSP CE, and FCEU-mm into a single branch of FCEU.</description>
		<description lang="ko_KR">FCEUmm은 NES, Famicom 및 FDS(Famicom 디스크 시스템) 플랫폼을 에뮬레이트합니다.[CR][CR]FCEUmm는 FCEU Ultra, FCEU 재기록, FCEUXD, FCEUXDSP, FCEUXDSP CE 및 FCEU-mm의 요소를 FCEU의 단일 분기로 병합합니다.</description>
		<description lang="zh_CN">FCEUmm 模拟 NES、Famicom 和 Famicom 磁盘系统（FDS）平台。[CR][CR]FCEUmm 将 FCEU Ultra、FCEU rerecording、FCEUXD、FCEUXDSP、FCEUXDSP CE 和 FCEU-mm 中的元素合并到 FCEU 的单个分支中。</description>
		<disclaimer lang="da_DK">Billedkreditering: Anarkhya (anarkhya.deviantart.com)</disclaimer>
		<disclaimer lang="en_GB">Icon credit: Anarkhya (anarkhya.deviantart.com)</disclaimer>
	</extension>
</addon>
