<?xml version="1.0" encoding="UTF-8"?>
<addon id="game.libretro.nestopia"
		name="Nintendo - NES / Famicom (Nestopia UE)"
		version="1.51.1.22"
		provider-name="Martin Freij, R. Belmont, R. Danbrook">
	<requires>
		<import addon="game.libretro" version="1.0.0"/>
		<import addon="game.controller.nes" version="1.0.0"/>
		<import addon="game.controller.nes.zapper" version="1.0.0" optional="true"/>
	</requires>
	<extension point="kodi.gameclient"
			library_android="libgame.libretro.nestopia.so">
		<platforms>NES</platforms>
		<extensions>nes|fds|unf|unif</extensions>
		<supports_vfs>true</supports_vfs>
		<supports_standalone>false</supports_standalone>
		<requires_opengl>false</requires_opengl>
	</extension>
	<extension point="xbmc.addon.metadata">
		<license>GPLv2</license>
		<platform>android-armv7</platform>
		<source>https://github.com/kodi-game/game.libretro.nestopia</source>
		<assets>
			<icon>resources/icon.png</icon>
			<screenshot>resources/screenshot-01.jpg</screenshot>
			<screenshot>resources/screenshot-02.jpg</screenshot>
			<screenshot>resources/screenshot-03.jpg</screenshot>
		</assets>
		<summary lang="en_GB">Nintendo - NES / Famicom (Nestopia UE) 1.51.1</summary>
		<description lang="en_GB">Nestopia is a portable open source NES/Famicom emulator. It is designed to be as accurate as possible and supports a large number of peripherals.</description>
		<disclaimer lang="da_DK">Billedkreditering: Anarkhya (anarkhya.deviantart.com)</disclaimer>
		<disclaimer lang="en_GB">Icon credit: Anarkhya (anarkhya.deviantart.com)</disclaimer>
	</extension>
</addon>
